url,label
https://help.dell.com/user/profile,0
https://www.paypal.com/products,0
https://help.mit.edu/careers,0
https://www.duckduckgo.com/pricing,0
http://paypal-confirm-user882.xyz/confirm,1
https://samsung.com/support,0
https://stackoverflow.com/,0
https://outlook-account-check77.info/account,1
http://175.203.47.44/billing/bankofamerica,1
https://www.github.com/help,0
https://docs.facebook.com/search?q=example,0
https://medium.com/dashboard,0
https://docs.slack.com/about,0
https://www.bing.com/contact-us,0
https://docs.quora.com/help,0
http://fedex.com@update-1234.com/security-alert,1
https://www.mozilla.org/terms-of-service,0
https://docs.bing.com/pricing,0
http://secure-chase.login-check77.xyz,1
http://microsoft.security-alert-verify-password-password-sec2024.info/security-alert/verify,1
https://cisco.com/support,0
https://icloud-password-verify01.top/password,1
http://bankofamerica.secure-billing-support-signin-id29381.ga/secure/billing,1
http://paypal.secure-login-confirm-unlock-x9k2.top/secure/login,1
https://dhlsecuresec2024.net.click,1
https://docs.slack.com/dashboard,0
http://202.113.9.149/update/irs,1
https://google.com/careers,0
http://facebook.com@support-user882.com/verify,1
https://www.zoom.us/support,0
https://docs.cloudflare.com/about,0
http://password.amazon-1234.info/,1
https://intel.com,0
https://www.dell.com/account,0
https://www.medium.com/careers,0
https://docs.un.org/checkout/cart,0
https://www.ibm.com/terms-of-service,0
https://www.slack.com/careers,0
https://www.yahoo.com/help,0
https://help.instagram.com/contact-us,0
http://136.129.234.70/confirm/bankofamerica,1
https://help.netflix.com/settings/security,0
https://help.bbc.com/help,0
https://help.dropbox.com/checkout/cart,0
https://help.amazon.com/pricing,0
https://help.mozilla.org/account,0
https://www.wikipedia.org/login,0
https://help.twitter.com/settings/security,0
https://docs.slack.com/help,0
https://www.quora.com/about,0
http://signin.facebook-acct331.gq/,1
http://241.96.28.173/support/chase,1
https://help.microsoft.com/about,0
https://www.google.com/blog/2024/updates,0
http://microsoft-password-user882.xyz/password,1
https://www.dropbox.com/dashboard,0
https://www.linkedin.com/dashboard,0
http://login.netflix-acct331.top/,1
http://netflix-confirm-verify01.top/confirm,1
https://reddit.com,0
http://secure-outlook.update-verify01.gq,1
http://dhl.signin-security-alert-verify-confirm-user882.top/signin/security-alert,1
https://help.dell.com/careers,0
http://paypal.secure-update-login-secure-user882.info/secure/update,1
https://docs.hp.com/,0
https://www.netflix.com/login,0
http://24.112.251.26/security-alert/microsoft,1
http://office365signinauth7.com.gq,1
https://docs.atlassian.com/docs/api/v2,0
http://usps.com@verify-x9k2.com/support,1
http://paypal.billing-support-security-alert-update-1234.ga/billing/support,1
https://help.ibm.com/blog/2024/updates,0
http://37.194.248.58/verify/dhl,1
https://docs.python.org/docs/api/v2,0
https://quora.com/contact-us,0
https://www.python.org/settings/security,0
https://www.reddit.com/dashboard,0
https://twitter.com/careers,0
https://help.github.com/settings/security,0
http://dhl-password-sec2024.click/password,1
https://docs.duckduckgo.com/products,0
https://irs-secure-check77.click/secure,1
https://help.stackoverflow.com/login,0
http://157.223.98.159/verify/chase,1
http://68.138.32.117/login/irs,1
https://www.wikipedia.org/search?q=example,0
http://verify.google-user882.gq/,1
https://apple.com/support,0
http://facebook.confirm-verify-billing-reset-x9k2.ga/confirm/verify,1
https://docs.wikipedia.org/account,0
https://help.paypal.com/products,0
https://www.python.org,0
https://docs.atlassian.com/contact-us,0
https://applesecurity-alertverify01.com.ml,1
http://irs.com@account-acct331.com/password,1
https://www.cisco.com/search?q=example,0
https://microsoft.com/help,0
http://secure-microsoft.signin-acct331.ml,1
https://www.google.com/support,0
https://www.zoom.us/login,0
https://google.com/products,0
http://google-secure-check77.xyz/secure,1
https://www.wix.com/pricing,0
https://docs.salesforce.com/careers,0
http://234.150.37.60/password/usps,1
https://www.usa.gov/user/profile,0
https://www.samsung.com/careers,0
http://fedex.confirm-support-unlock-signin-1234.xyz/confirm/support,1
http://98.147.92.148/account/facebook,1
http://instagram.com@billing-x9k2.com/support,1
https://who.int/help,0
https://www.bing.com/checkout/cart,0
https://docs.ebay.com/products,0
https://wikipedia.org/search?q=example,0
https://docs.amazon.com/about,0
https://www.mit.edu/help,0
http://66.118.66.171/support/paypal,1
https://help.netflix.com/news/latest-release,0
https://www.spotify.com/products,0
https://www.shopify.com/news/latest-release,0
https://help.wikipedia.org/pricing,0
https://help.medium.com/pricing,0
https://secure-usps.security-alert-verify01.info,1
http://netflix.com@login-1234.com/update,1
http://paypal.verify-security-alert-reset-account-user882.click/verify/security-alert,1
https://www.linkedin.com/pricing,0
http://43.178.77.232/password/paypal,1
https://www.dropbox.com/,0
https://www.yahoo.com/docs/api/v2,0
https://www.irs.gov/support,0
http://secure-bankofamerica.unlock-1234.ml,1
http://unlock.facebook-x9k2.cf/,1
https://docs.irs.gov/docs/api/v2,0
https://salesforce.com/help,0
https://github.com,0
http://microsoft.password-reset-account-billing-1234.info/password/reset,1
https://harvard.edu/terms-of-service,0
http://usps.reset-billing-signin-verify-id29381.info/reset/billing,1
https://www.zoom.us/search?q=example,0
https://docs.wordpress.com/,0
https://secure-apple.billing-1234.xyz,1
http://facebook-account-auth7.info/account,1
https://www.wordpress.com/pricing,0
https://python.org/settings/security,0
http://192.173.68.150/support/dhl,1
https://www.youtube.com/pricing,0
https://docs.nasa.gov/account,0
https://help.atlassian.com,0
https://www.who.int/help,0
https://help.wix.com/terms-of-service,0
https://harvard.edu/account,0
https://help.adobe.com/support,0
https://docs.quora.com/account,0
https://wikipedia.org/blog/2024/updates,0
https://python.org/search?q=example,0
https://www.instagram.com/checkout/cart,0
http://dhl.com@update-x9k2.com/verify,1
https://docs.linkedin.com/checkout/cart,0
https://docs.hp.com/products,0
https://docs.salesforce.com/products,0
https://www.un.org/,0
https://www.who.int/contact-us,0
https://adobe.com/about,0
http://netflixupdateacct331.net.cf,1
https://medium.com/support,0
https://www.intel.com/about,0
http://paypalupdateuser882.net.top,1
https://help.adobe.com/checkout/cart,0
https://paypal.com/search?q=example,0
http://unlock.instagram-check77.cf/,1
https://docs.ebay.com/search?q=example,0
http://outlook.com@verify-id29381.com/account,1
https://un.org/,0
https://help.reddit.com/contact-us,0
https://help.wordpress.com/help,0
https://www.mozilla.org/login,0
https://help.irs.gov/terms-of-service,0
http://secure-fedex.account-verify01.info,1
https://help.reddit.com/pricing,0
https://help.wix.com/careers,0
https://adobe.com/search?q=example,0
https://docs.salesforce.com/news/latest-release,0
https://www.github.com/careers,0
http://netflix.com@unlock-check77.com/login,1
https://intel.com/dashboard,0
https://docs.bbc.com/search?q=example,0
https://www.usa.gov/settings/security,0
https://www.oracle.com/careers,0
https://www.ebay.com/careers,0
https://bbc.com/support,0
http://84.204.15.76/login/irs,1
http://19.114.242.89/secure/facebook,1
https://youtube.com/account,0
https://help.youtube.com/docs/api/v2,0
http://apple-secure-check77.ml/secure,1
http://support.fedex-temp29.gq/,1
https://www.yahoo.com/about,0
http://191.128.214.232/billing/facebook,1
http://secure-netflix.reset-x9k2.ml,1
https://docs.facebook.com/docs/api/v2,0
https://help.un.org/settings/security,0
https://docs.digitalocean.com/account,0
https://docs.duckduckgo.com/settings/security,0
https://help.microsoft.com/docs/api/v2,0
https://www.hp.com/support,0
http://instagram-support-auth7.xyz/support,1
https://outlook-update-user882.top/update,1
http://paypal-verify-user882.ga/verify,1
https://apple.com/blog/2024/updates,0
https://help.stackoverflow.com/careers,0
https://help.linkedin.com/support,0
https://secure-outlook.confirm-sec2024.info,1
http://icloud.login-billing-reset-reset-sec2024.ml/login/billing,1
https://billing.icloud-id29381.cf/,1
http://143.94.24.203/unlock/dhl,1
https://wellsfargo-account-acct331.xyz/account,1
https://docs.youtube.com/pricing,0
http://247.109.177.65/support/usps,1
https://help.google.com/about,0
https://spotify.com/support,0
http://netflix.com@signin-id29381.com/password,1
http://irs.com@reset-sec2024.com/login,1
https://docs.digitalocean.com/careers,0
https://secure-bankofamerica.security-alert-x9k2.xyz,1
http://google.secure-secure-reset-update-auth7.ml/secure/secure,1
https://help.un.org/checkout/cart,0
https://slack.com/careers,0
https://samsung.com/user/profile,0
http://outlook.account-verify-confirm-reset-sec2024.ml/account/verify,1
http://secure-instagram.security-alert-verify01.click,1
https://docs.wix.com/search?q=example,0
https://www.apple.com/pricing,0
https://help.cisco.com/user/profile,0
https://www.netflix.com/account,0
https://icloud-security-alert-auth7.click/security-alert,1
http://wellsfargoaccountverify01.com.cf,1
http://security-alert.wellsfargo-acct331.xyz/,1
https://docs.harvard.edu/support,0
http://google.security-alert-unlock-update-confirm-sec2024.tk/security-alert/unlock,1
https://www.digitalocean.com/support,0
http://107.45.52.34/security-alert/icloud,1
https://www.irs.gov/contact-us,0
http://apple.verify-signin-verify-security-alert-sec2024.ga/verify/signin,1
https://www.dropbox.com/support,0
https://chase-reset-verify01.ga/reset,1
http://irsverifycheck77.net.tk,1
http://icloud.com@secure-user882.com/password,1
https://yahoo.com,0
https://cloudflare.com/checkout/cart,0
http://outlook.com@login-check77.com/reset,1
https://www.instagram.com,0
http://34.24.233.76/security-alert/instagram,1
https://ibm.com/products,0
https://www.mit.edu/search?q=example,0
https://docs.zoom.us/support,0
https://fedex-reset-sec2024.gq/reset,1
https://www.cloudflare.com/products,0
https://www.who.int/pricing,0
http://icloud.security-alert-confirm-signin-billing-temp29.xyz/security-alert/confirm,1
https://www.hp.com/careers,0
https://www.linkedin.com/blog/2024/updates,0
https://www.nasa.gov/login,0
https://www.apple.com/account,0
https://www.ibm.com/blog/2024/updates,0
https://help.microsoft.com/user/profile,0
http://security-alert.fedex-acct331.ml/,1
https://help.paypal.com/contact-us,0
https://www.hp.com/blog/2024/updates,0
https://help.harvard.edu/products,0
https://www.samsung.com/user/profile,0
https://www.samsung.com/dashboard,0
https://help.netflix.com/about,0
https://docs.shopify.com/news/latest-release,0
http://secure-usps.password-acct331.cf,1
https://zoom.us/dashboard,0
https://help.twitter.com/search?q=example,0
https://www.quora.com/,0
https://help.amazon.com/user/profile,0
http://google-password-verify01.click/password,1
https://help.duckduckgo.com/,0
https://bbc.com/blog/2024/updates,0
https://www.oracle.com/news/latest-release,0
http://facebookupdateverify01.com.gq,1
https://docs.digitalocean.com/support,0
https://www.apple.com/contact-us,0
http://icloud-confirm-temp29.click/confirm,1
http://chase.com@confirm-id29381.com/support,1
https://www.yahoo.com/terms-of-service,0
https://www.nasa.gov/dashboard,0
https://adobe.com/support,0
https://docs.facebook.com/careers,0
http://163.49.159.65/account/netflix,1
https://help.slack.com/contact-us,0
http://facebook.password-support-login-login-acct331.click/password/support,1
https://dell.com/careers,0
http://apple.com@unlock-temp29.com/account,1
https://docs.bbc.com/news/latest-release,0
http://fedex.support-verify-password-security-alert-acct331.ml/support/verify,1
https://mit.edu/terms-of-service,0
https://www.samsung.com/,0
https://microsoft.com/docs/api/v2,0
https://www.amazon.com/products,0
https://help.instagram.com/account,0
https://help.instagram.com/careers,0
https://usps-update-temp29.tk/update,1
https://www.nytimes.com/dashboard,0
https://duckduckgo.com/support,0
https://help.intel.com/pricing,0
http://netflix.com@unlock-check77.com/account,1
http://secure-amazon.login-check77.ga,1
https://harvard.edu/settings/security,0
https://docs.irs.gov,0
http://google.billing-account-unlock-signin-temp29.info/billing/account,1
https://docs.youtube.com/settings/security,0
https://www.apple.com/user/profile,0
https://twitter.com/search?q=example,0
https://www.cloudflare.com/docs/api/v2,0
https://www.usa.gov/about,0
https://help.nasa.gov/terms-of-service,0
http://bankofamericaresettemp29.net.top,1
https://help.atlassian.com/dashboard,0
https://www.facebook.com/login,0
http://paypal-secure-check77.info/secure,1
https://help.atlassian.com/careers,0
https://www.youtube.com/terms-of-service,0
https://docs.bing.com/contact-us,0
http://verify.wellsfargo-x9k2.top/,1
https://docs.spotify.com/settings/security,0
https://docs.nytimes.com/account,0
https://www.cloudflare.com/,0
http://microsoft-reset-user882.top/reset,1
https://docs.spotify.com/docs/api/v2,0
https://www.dropbox.com/news/latest-release,0
https://www.who.int/news/latest-release,0
https://mozilla.org/settings/security,0
https://www.stackoverflow.com/user/profile,0
https://medium.com/products,0
https://cloudflare.com/news/latest-release,0
https://secure-google.reset-user882.cf,1
https://www.oracle.com/blog/2024/updates,0
https://www.oracle.com/search?q=example,0
https://help.dropbox.com/about,0
http://dhl-support-user882.info/support,1
https://docs.shopify.com/blog/2024/updates,0
http://111.38.63.136/confirm/fedex,1
http://chase-login-temp29.ga/login,1
https://help.wix.com/pricing,0
http://76.6.251.213/security-alert/dhl,1
https://www.netflix.com/careers,0
https://www.ibm.com/dashboard,0
https://www.wordpress.com/support,0
https://www.ibm.com/search?q=example,0
https://www.usa.gov/dashboard,0
http://wellsfargo.com@account-sec2024.com/unlock,1
https://nytimes.com/search?q=example,0
https://www.shopify.com/blog/2024/updates,0
https://docs.cisco.com/help,0
http://support.amazon-id29381.tk/,1
http://secure-office365.unlock-user882.tk,1
https://docs.quora.com/news/latest-release,0
https://stackoverflow.com/news/latest-release,0
http://205.59.156.206/unlock/irs,1
https://www.bbc.com/search?q=example,0
https://help.intel.com/user/profile,0
http://secure-usps.account-id29381.gq,1
http://apple.com@support-acct331.com/security-alert,1
https://secure-bankofamerica.reset-x9k2.gq,1
https://www.spotify.com/dashboard,0
https://help.nasa.gov,0
https://help.github.com/help,0
http://120.231.74.174/unlock/icloud,1
http://google.confirm-secure-support-password-id29381.ml/confirm/secure,1
http://irs.com@support-temp29.com/signin,1
https://paypal.com/blog/2024/updates,0
http://chase-confirm-auth7.tk/confirm,1
https://office365-verify-acct331.ml/verify,1
https://www.cisco.com/about,0
https://docs.digitalocean.com,0
https://www.ebay.com/checkout/cart,0
https://docs.digitalocean.com/search?q=example,0
https://www.usa.gov/login,0
https://www.nytimes.com/contact-us,0
https://www.instagram.com/docs/api/v2,0
https://help.github.com,0
https://www.twitter.com/help,0
https://amazon.com/blog/2024/updates,0
http://51.99.219.124/update/microsoft,1
https://www.cisco.com/docs/api/v2,0
https://www.nytimes.com/terms-of-service,0
https://help.intel.com/careers,0
http://irsbilling1234.net.ga,1
https://www.atlassian.com,0
https://www.duckduckgo.com/support,0
https://docs.medium.com/blog/2024/updates,0
https://confirm.office365-x9k2.cf/,1
https://www.shopify.com/about,0
https://www.dell.com/login,0
https://docs.python.org/account,0
https://docs.spotify.com/user/profile,0
http://wellsfargo.signin-password-account-signin-sec2024.gq/signin/password,1
http://3.145.222.176/update/amazon,1
https://bing.com/login,0
http://paypal.com@login-sec2024.com/account,1
https://help.reddit.com/blog/2024/updates,0
https://nasa.gov/docs/api/v2,0
https://help.mit.edu/checkout/cart,0
https://help.who.int/careers,0
http://234.212.242.124/update/facebook,1
https://help.mozilla.org/docs/api/v2,0
http://223.87.206.30/security-alert/usps,1
https://docs.salesforce.com/user/profile,0
https://irs.gov/search?q=example,0
https://www.salesforce.com/news/latest-release,0
https://help.google.com/products,0
https://www.microsoft.com/,0
https://apple-security-alert-x9k2.ml/security-alert,1
https://www.hp.com/pricing,0
https://wordpress.com/search?q=example,0
https://docs.amazon.com/products,0
https://usa.gov/products,0
https://irsloginid29381.com.cf,1
https://help.shopify.com/blog/2024/updates,0
https://bing.com/terms-of-service,0
http://amazonsupportid29381.net.cf,1
http://apple.confirm-billing-secure-verify-auth7.xyz/confirm/billing,1
http://dhl-confirm-verify01.top/confirm,1
https://help.harvard.edu/support,0
https://www.stackoverflow.com/login,0
https://ebay.com/blog/2024/updates,0
https://oracle.com/,0
https://docs.reddit.com/about,0
https://help.wix.com/dashboard,0
http://25.232.161.166/support/amazon,1
https://wordpress.com/,0
http://amazon.secure-secure-unlock-billing-1234.ml/secure/secure,1
https://help.paypal.com/account,0
http://usps.confirm-secure-confirm-update-sec2024.ml/confirm/secure,1
http://secure-microsoft.security-alert-auth7.click,1
https://docs.yahoo.com/support,0
https://help.ebay.com/terms-of-service,0
http://secure-instagram.secure-verify01.xyz,1
https://help.facebook.com/docs/api/v2,0
https://un.org/account,0
